{"cameraMode":{"drawMode":0,"name":"Shaded","section":"Shading Mode"},"sceneLighting":true,"audioPlay":false,"sceneViewState":{"showFog":true,"showMaterialUpdate":false,"showSkybox":true,"showFlares":true,"showImageEffects":true,"showParticleSystems":true},"in2DMode":false,"pivot":{"x":0.0,"y":0.5299999713897705,"z":158.20167541503907},"rotation":{"x":-0.1107676550745964,"y":-0.009542735293507576,"z":-0.001063742907717824,"w":0.9938042759895325},"size":0.6184673309326172,"orthographic":false}