{"cameraMode":{"drawMode":0,"name":"Shaded","section":"Shading Mode"},"sceneLighting":true,"audioPlay":false,"sceneViewState":{"showFog":true,"showMaterialUpdate":false,"showSkybox":true,"showFlares":true,"showImageEffects":true,"showParticleSystems":true},"in2DMode":false,"pivot":{"x":-7.025132179260254,"y":-7.570892333984375,"z":36.01060104370117},"rotation":{"x":0.11502983421087265,"y":0.06045515835285187,"z":-0.007013739552348852,"w":0.9914962649345398},"size":25.959184646606447,"orthographic":false}