{"cameraMode":{"drawMode":0,"name":"Shaded","section":"Shading Mode"},"sceneLighting":true,"audioPlay":false,"sceneViewState":{"showFog":true,"showMaterialUpdate":false,"showSkybox":true,"showFlares":true,"showImageEffects":true,"showParticleSystems":true},"in2DMode":false,"pivot":{"x":0.1992969512939453,"y":1.0004360675811768,"z":0.2863943874835968},"rotation":{"x":0.171564519405365,"y":0.03043411113321781,"z":-0.005301938857883215,"w":0.9846929311752319},"size":1.0122551918029786,"orthographic":false}