{"cameraMode":{"drawMode":0,"name":"Shaded","section":"Shading Mode"},"sceneLighting":false,"audioPlay":false,"sceneViewState":{"showFog":true,"showMaterialUpdate":false,"showSkybox":false,"showFlares":true,"showImageEffects":true,"showParticleSystems":true},"in2DMode":false,"pivot":{"x":-0.400390625,"y":1.284743309020996,"z":1.710942268371582},"rotation":{"x":0.26564860343933108,"y":0.4100412428379059,"z":-0.12617021799087525,"w":0.8633589744567871},"size":5.36728572845459,"orthographic":true}