{"cameraMode":{"drawMode":0,"name":"Shaded","section":"Shading Mode"},"sceneLighting":true,"audioPlay":false,"sceneViewState":{"showFog":true,"showMaterialUpdate":false,"showSkybox":true,"showFlares":true,"showImageEffects":true,"showParticleSystems":true},"in2DMode":false,"pivot":{"x":4.376564025878906,"y":618.8844604492188,"z":166.871337890625},"rotation":{"x":0.10771213471889496,"y":-0.03787066414952278,"z":0.004105979111045599,"w":0.9934526681900024},"size":895.1068725585938,"orthographic":false}