{"cameraMode":{"drawMode":0,"name":"Shaded","section":"Shading Mode"},"sceneLighting":true,"audioPlay":false,"sceneViewState":{"showFog":true,"showMaterialUpdate":false,"showSkybox":true,"showFlares":true,"showImageEffects":true,"showParticleSystems":true},"in2DMode":false,"pivot":{"x":240.848388671875,"y":929.337890625,"z":8.3011474609375},"rotation":{"x":0.02039138413965702,"y":0.02249341830611229,"z":-0.0004588270385283977,"w":0.999539315700531},"size":955.8870849609375,"orthographic":true}