{"cameraMode":{"drawMode":0,"name":"Shaded","section":"Shading Mode"},"sceneLighting":true,"audioPlay":false,"sceneViewState":{"showFog":true,"showMaterialUpdate":false,"showSkybox":true,"showFlares":true,"showImageEffects":true,"showParticleSystems":true},"in2DMode":false,"pivot":{"x":138.53439331054688,"y":333.951171875,"z":104.8863525390625},"rotation":{"x":0.02039138413965702,"y":0.02249341830611229,"z":-0.0004588270385283977,"w":0.999539315700531},"size":516.87939453125,"orthographic":true}