{"cameraMode":{"drawMode":0,"name":"Shaded","section":"Shading Mode"},"sceneLighting":false,"audioPlay":false,"sceneViewState":{"showFog":true,"showMaterialUpdate":false,"showSkybox":false,"showFlares":true,"showImageEffects":true,"showParticleSystems":true},"in2DMode":false,"pivot":{"x":-5.099681854248047,"y":1.850503921508789,"z":9.728718757629395},"rotation":{"x":0.3800848126411438,"y":0.273187518119812,"z":-0.11857351660728455,"w":0.8756973147392273},"size":12.625314712524414,"orthographic":false}