{"cameraMode":{"drawMode":0,"name":"Shaded","section":"Shading Mode"},"sceneLighting":true,"audioPlay":false,"sceneViewState":{"showFog":true,"showMaterialUpdate":false,"showSkybox":true,"showFlares":true,"showImageEffects":true,"showParticleSystems":true},"in2DMode":false,"pivot":{"x":0.9361562728881836,"y":-0.9379868507385254,"z":-1.588274359703064},"rotation":{"x":-0.10638351738452912,"y":0.7090096473693848,"z":-0.10955784469842911,"w":-0.6884669661521912},"size":5.748527526855469,"orthographic":false}