{"cameraMode":{"drawMode":0,"name":"Shaded","section":"Shading Mode"},"sceneLighting":true,"audioPlay":false,"sceneViewState":{"showFog":true,"showMaterialUpdate":false,"showSkybox":true,"showFlares":true,"showImageEffects":true,"showParticleSystems":true},"in2DMode":false,"pivot":{"x":-100.0,"y":16.129117965698243,"z":120.00003051757813},"rotation":{"x":0.31472066044807436,"y":0.34081968665122988,"z":-0.12224967032670975,"w":0.8774099946022034},"size":199.16795349121095,"orthographic":false}