{"cameraMode":{"drawMode":0,"name":"Shaded","section":"Shading Mode"},"sceneLighting":true,"audioPlay":false,"sceneViewState":{"showFog":true,"showMaterialUpdate":false,"showSkybox":true,"showFlares":true,"showImageEffects":true,"showParticleSystems":true},"in2DMode":false,"pivot":{"x":-0.9262144565582275,"y":1.4826987981796265,"z":143.22103881835938},"rotation":{"x":0.05801410600543022,"y":0.7693540453910828,"z":-0.0705927163362503,"w":0.6322615146636963},"size":3.6972594261169435,"orthographic":false}