{"cameraMode":{"drawMode":0,"name":"Shaded","section":"Shading Mode"},"sceneLighting":false,"audioPlay":false,"sceneViewState":{"showFog":true,"showMaterialUpdate":false,"showSkybox":false,"showFlares":true,"showImageEffects":true,"showParticleSystems":true},"in2DMode":false,"pivot":{"x":1.2418638467788697,"y":3.1477785110473635,"z":2.5331971645355226},"rotation":{"x":0.23991301655769349,"y":0.36320123076438906,"z":-0.09735820442438126,"w":0.8950150012969971},"size":7.801696300506592,"orthographic":true}