{"cameraMode":{"drawMode":0,"name":"Shaded","section":"Shading Mode"},"sceneLighting":true,"audioPlay":false,"sceneViewState":{"showFog":true,"showMaterialUpdate":false,"showSkybox":true,"showFlares":true,"showImageEffects":true,"showParticleSystems":true},"in2DMode":false,"pivot":{"x":-0.6956391334533691,"y":2.278698444366455,"z":-2.199615478515625},"rotation":{"x":0.06633094698190689,"y":0.6848835349082947,"z":-0.06284208595752716,"w":0.7229024767875671},"size":25.044158935546876,"orthographic":false}