{"cameraMode":{"drawMode":0,"name":"Shaded","section":"Shading Mode"},"sceneLighting":false,"audioPlay":false,"sceneViewState":{"showFog":true,"showMaterialUpdate":false,"showSkybox":false,"showFlares":true,"showImageEffects":true,"showParticleSystems":true},"in2DMode":false,"pivot":{"x":3.391094207763672,"y":-4.679466247558594,"z":8.812199592590332},"rotation":{"x":0.33385521173477175,"y":0.38273414969444277,"z":-0.15065541863441468,"w":0.8481537699699402},"size":11.624918937683106,"orthographic":false}